,City,Lat,Lng,Max Temp,Humidity,Cloudiness,Wind Speed,Country,Date
0,Ancud,-41.87,-73.82,37.99,73,20,4.68,CL,1595823390
1,New Norfolk,-42.78,147.06,55.99,72,100,1.99,AU,1595823507
2,Kontagora,10.4,5.47,71.47,96,92,6.42,NG,1595823507
3,Bluff,-46.6,168.33,50.86,71,0,4.5,NZ,1595823224
4,Avarua,-21.21,-159.78,69.8,94,66,4.7,CK,1595823292
5,Albany,42.6,-73.97,78.01,96,93,4.45,US,1595823508
6,Mataura,-46.19,168.86,49.77,68,0,2.19,NZ,1595823297
7,Rikitea,-23.12,-134.97,70.5,78,4,19.6,PF,1595823228
8,Ushuaia,-54.8,-68.3,33.8,86,75,17.22,AR,1595823275
9,Hilo,19.73,-155.09,82.4,69,90,9.17,US,1595823509
10,Labuhan,-6.88,112.21,83.75,56,80,5.32,ID,1595823509
11,Jamestown,42.1,-79.24,71.6,83,1,5.82,US,1595823235
12,Barrow,71.29,-156.79,51.8,87,90,26.4,US,1595823509
13,Karratha,-20.74,116.85,77.13,20,52,16.04,AU,1595823509
14,Hithadhoo,-0.6,73.08,82.83,68,100,4.68,MV,1595823510
15,Port Alfred,-33.59,26.89,54.23,69,80,4.88,ZA,1595823510
16,Cedar City,37.68,-113.06,80.6,24,1,3.36,US,1595823510
17,Butaritari,3.07,172.79,82.31,79,34,12.33,KI,1595823307
18,Busselton,-33.65,115.33,69.01,74,93,10.0,AU,1595823244
19,Hermanus,-34.42,19.23,46.0,85,1,1.99,ZA,1595823219
20,Xuzhou,34.18,117.16,82.27,63,81,8.37,CN,1595823511
21,Qinzhou,21.95,108.62,93.31,60,100,15.77,CN,1595823444
22,Sitka,57.05,-135.33,55.4,87,90,3.36,US,1595823285
23,Cape Town,-33.93,18.42,52.0,93,0,3.36,ZA,1595823241
24,Remedios,22.49,-79.55,78.8,94,20,2.24,CU,1595823512
25,Houma,29.6,-90.72,75.99,100,40,3.36,US,1595823469
26,Isangel,-19.55,169.27,80.6,69,8,10.29,VU,1595823512
27,Tiksi,71.69,128.87,37.94,91,100,7.83,RU,1595823225
28,Prainha,-1.8,-53.48,76.51,73,33,0.92,BR,1595823513
29,Haines Junction,60.75,-137.51,51.22,65,65,10.2,CA,1595823278
30,Provideniya,64.38,-173.3,50.0,87,90,17.9,RU,1595823513
31,Hofn,64.25,-15.21,47.44,63,100,13.22,IS,1595823514
32,East London,-33.02,27.91,55.4,66,40,8.05,ZA,1595823224
33,Pułtusk,52.7,21.08,66.99,45,98,4.72,PL,1595823514
34,Yellowknife,62.46,-114.35,66.99,59,75,6.93,CA,1595823334
35,Ayorou,14.73,0.92,86.61,53,1,10.63,NE,1595823514
36,Kindu,-2.95,25.95,66.0,58,0,0.96,CD,1595823514
37,Pangnirtung,66.15,-65.71,51.49,70,100,2.57,CA,1595823515
38,Saskylakh,71.92,114.08,40.53,91,100,14.94,RU,1595823515
39,Kandrian,-6.22,149.55,84.47,69,47,10.0,PG,1595823515
40,Thompson,55.74,-97.86,60.8,93,75,6.8,CA,1595823328
41,Tura,25.52,90.22,86.77,71,86,4.0,IN,1595823427
42,Cherskiy,68.75,161.3,51.03,71,56,25.86,RU,1595823516
43,Salta,-24.79,-65.41,37.4,74,0,3.36,AR,1595823516
44,Ponta Delgada,37.73,-25.67,69.8,94,75,4.7,PT,1595823516
45,Sinnamary,5.38,-52.95,78.28,86,54,8.32,GF,1595823516
46,Nuuk,64.18,-51.72,46.4,93,100,3.36,GL,1595823516
47,George Town,5.41,100.34,87.8,70,20,8.05,MY,1595823512
48,Qaanaaq,77.48,-69.36,39.99,71,0,0.54,GL,1595823232
49,Korčula,42.96,17.14,62.6,93,1,2.24,HR,1595823517
50,Alta Floresta,-9.88,-56.09,69.87,52,0,3.91,BR,1595823517
51,Casteltermini,37.54,13.64,71.01,47,0,1.99,IT,1595823517
52,Khatanga,71.97,102.5,48.2,59,99,11.01,RU,1595823517
53,Margate,51.38,1.39,63.0,88,100,3.0,GB,1595823518
54,Lompoc,34.64,-120.46,60.8,82,0,11.41,US,1595823518
55,Tadó,5.27,-76.56,73.71,94,78,1.88,CO,1595823518
56,Bredasdorp,-34.53,20.04,35.6,93,0,4.5,ZA,1595823219
57,Tsabong,-26.02,22.4,45.64,54,0,8.95,BW,1595823519
58,Lorengau,-2.02,147.27,83.62,77,44,5.7,PG,1595823519
59,Castro,-24.79,-50.01,54.21,93,100,3.18,BR,1595823238
60,Bambous Virieux,-20.34,57.76,72.0,73,75,14.99,MU,1595823446
61,Lavaca,28.61,-96.63,84.2,89,75,11.41,US,1595823519
62,Alto Araguaia,-17.31,-53.22,63.77,50,0,2.89,BR,1595823520
63,Lashio,22.93,97.75,80.71,80,96,0.54,MM,1595823520
64,Chui,-33.7,-53.46,46.29,92,2,7.11,UY,1595823243
65,Zhigansk,66.77,123.37,55.11,58,60,11.39,RU,1595823388
66,Maceió,-9.67,-35.74,68.0,94,20,2.24,BR,1595823466
67,Eyl,7.98,49.82,81.14,62,1,21.72,SO,1595823521
68,Kavieng,-2.57,150.8,84.45,69,100,4.92,PG,1595823521
69,Pevek,69.7,170.31,42.98,88,27,27.94,RU,1595823521
70,Kapaa,22.08,-159.32,82.4,74,20,21.92,US,1595823521
71,San Quintín,30.48,-115.95,67.23,85,0,12.88,MX,1595823522
72,Mount Isa,-20.73,139.5,73.4,20,0,16.11,AU,1595823371
73,Adrar,20.5,-10.07,89.24,34,0,9.19,MR,1595823522
74,Erenhot,43.65,111.98,78.51,52,85,9.8,CN,1595823522
75,Klaksvík,62.23,-6.59,46.4,87,100,14.99,FO,1595823523
76,Palmas Bellas,9.23,-80.09,79.0,88,83,3.0,PA,1595823523
77,Chokurdakh,70.63,147.92,45.7,64,98,11.95,RU,1595823523
78,Ribeira Grande,38.52,-28.7,73.06,91,12,4.97,PT,1595823363
79,Richards Bay,-28.78,32.04,63.43,78,91,10.29,ZA,1595823524
80,Mogadishu,2.04,45.34,75.2,73,90,11.41,SO,1595823461
81,Punta Arenas,-53.15,-70.92,35.6,74,70,12.75,CL,1595823524
82,Salalah,17.02,54.09,80.6,88,90,6.93,OM,1595823524
83,Cairns,-16.92,145.77,82.99,34,0,14.99,AU,1595823525
84,Plaster Rock,46.91,-67.39,71.6,83,90,3.36,CA,1595823525
85,Quelimane,-17.88,36.89,60.8,93,13,3.51,MZ,1595823525
86,Saint-Philippe,-21.36,55.77,68.0,68,56,3.36,RE,1595823525
87,Kaitangata,-46.28,169.85,52.0,70,0,4.0,NZ,1595823525
88,Dawei,14.08,98.2,86.32,69,100,4.85,MM,1595823526
89,Tuktoyaktuk,69.45,-133.04,66.2,68,75,8.05,CA,1595823526
90,Lady Frere,-31.7,27.23,38.77,87,65,1.72,ZA,1595823526
91,Meulaboh,4.14,96.13,85.6,62,97,2.21,ID,1595823526
92,Rudnichnyy,59.62,52.47,66.13,66,15,1.88,RU,1595823526
93,Les Cayes,18.2,-73.75,79.5,82,5,2.17,HT,1595823527
94,Ullapool,57.9,-5.16,50.0,87,30,3.0,GB,1595823527
95,Necochea,-38.55,-58.74,46.99,80,86,5.99,AR,1595823527
96,Rawson,-43.3,-65.1,40.87,82,97,9.55,AR,1595823527
97,Warmbad,-28.45,18.73,54.73,39,0,9.91,NA,1595823527
98,Dikson,73.51,80.55,38.44,87,96,14.05,RU,1595823284
99,Ambilobe,-13.2,49.05,67.01,86,100,1.32,MG,1595823528
100,San Juan,-31.54,-68.54,53.6,38,1,13.69,AR,1595823528
101,Praia,14.92,-23.51,77.0,78,20,10.29,CV,1595823305
102,Santander,43.46,-3.8,66.99,93,0,2.24,ES,1595823346
103,Xenia,39.68,-83.93,78.01,69,1,4.7,US,1595823307
104,Kenai,60.55,-151.26,64.4,67,1,11.41,US,1595823529
105,Esim,4.87,-2.24,73.94,87,7,8.43,GH,1595823529
106,Mitsamiouli,-11.38,43.28,73.4,78,75,3.36,KM,1595823372
107,Nikolskoye,59.7,30.79,59.0,82,0,4.47,RU,1595823529
108,Prescott,34.54,-112.47,75.99,31,20,8.05,US,1595823529
109,Valparaíso,-33.04,-71.63,54.0,65,100,14.09,CL,1595823529
110,Norman Wells,65.28,-126.83,71.6,46,20,5.82,CA,1595823530
111,Mahébourg,-20.41,57.7,71.6,73,75,14.99,MU,1595823530
112,Simao,22.79,100.97,68.43,95,100,1.95,CN,1595823530
113,Rørvik,64.86,11.24,60.1,72,100,21.74,NO,1595823530
114,Baiyin,36.56,104.21,82.4,21,90,4.47,CN,1595823530
115,Belaya Glina,46.07,40.86,71.2,59,58,12.35,RU,1595823531
116,Guerrero Negro,27.98,-114.06,67.57,86,0,15.9,MX,1595823531
117,Mount Gambier,-37.83,140.77,55.4,58,75,19.46,AU,1595823481
118,Ostrovnoy,68.05,39.51,62.74,72,87,3.18,RU,1595823531
119,Ponta do Sol,32.67,-17.1,68.0,72,20,11.41,PT,1595823532
120,Tateyama,34.98,139.87,80.6,94,75,18.34,JP,1595823532
121,Polonnaruwa,7.93,81.0,80.1,75,100,7.65,LK,1595823532
122,Fort Morgan,40.25,-103.8,64.4,72,1,3.36,US,1595823532
123,Udachny,66.42,112.4,42.8,75,90,8.95,RU,1595823456
124,Saint Paul Harbor,57.79,-152.41,60.8,72,1,5.82,US,1595823330
125,Katsuura,35.13,140.3,84.99,94,75,18.34,JP,1595823533
126,Taoudenni,22.68,-3.98,92.86,11,56,6.13,ML,1595823533
127,Tilichiki,60.47,166.1,71.44,46,0,6.93,RU,1595823533
128,Port Lincoln,-34.73,135.87,57.31,64,59,8.95,AU,1595823533
129,Vestmannaeyjar,63.44,-20.27,50.79,87,99,4.85,IS,1595823237
130,Santa Vitória do Palmar,-33.52,-53.37,46.83,92,1,7.65,BR,1595823534
131,Caldwell,43.66,-116.69,79.0,41,1,4.7,US,1595823334
132,Fukuechō,32.69,128.84,78.8,94,75,12.75,JP,1595823534
133,Namwala,-15.75,26.44,44.44,80,0,2.86,ZM,1595823534
134,Teyateyaneng,-29.15,27.75,32.5,88,32,1.43,LS,1595823535
135,Kainantu,-6.29,145.87,74.7,61,28,5.28,PG,1595823535
136,Hong Kong,22.29,114.16,91.0,63,59,15.99,HK,1595823303
137,Torbay,47.67,-52.73,55.99,100,90,19.46,CA,1595823535
138,Amga,60.9,131.96,79.88,37,100,2.15,RU,1595823535
139,Elliot Lake,46.38,-82.63,71.6,100,75,3.36,CA,1595823536
140,Kathu,7.92,98.33,87.01,79,40,9.17,TH,1595823536
141,Djibouti,11.5,42.5,89.6,46,75,5.82,DJ,1595823536
142,Kalabo,-14.97,22.68,48.81,66,1,5.44,ZM,1595823536
143,Longyearbyen,78.22,15.64,60.8,63,4,2.24,SJ,1595823536
144,Debre Tabor,11.85,38.02,50.16,100,100,2.44,ET,1595823537
145,Hobart,-42.88,147.33,55.99,66,90,14.99,AU,1595823473
146,Haltom City,32.8,-97.27,84.2,69,1,8.05,US,1595823242
147,Bethel,41.37,-73.41,73.0,78,1,4.43,US,1595823537
148,Arraial do Cabo,-22.97,-42.03,71.04,88,49,13.87,BR,1595823538
149,Sørland,67.67,12.69,66.2,55,96,12.75,NO,1595823269
150,Saint-Pierre,-21.34,55.48,68.0,68,51,3.36,RE,1595823291
151,Vaini,-21.2,-175.2,73.4,78,40,11.41,TO,1595823538
152,Coquimbo,-29.95,-71.34,53.6,76,100,2.24,CL,1595823375
153,Yaan,7.38,8.57,71.87,98,100,4.83,NG,1595823538
154,Kiama,-34.68,150.87,57.99,96,100,11.99,AU,1595823539
155,Shingū,33.73,135.98,82.4,78,75,9.17,JP,1595823539
156,Mar del Plata,-38.0,-57.56,51.01,81,100,10.29,AR,1595823539
157,Port Elizabeth,-33.92,25.57,50.0,87,92,8.05,ZA,1595823539
158,Leningradskiy,69.38,178.42,51.37,79,75,14.23,RU,1595823539
159,Luorong,24.41,109.61,86.85,72,99,8.95,CN,1595823540
160,Manaus,-3.1,-60.02,78.8,83,20,2.24,BR,1595823289
161,Plettenberg Bay,-34.05,23.37,51.13,74,28,3.0,ZA,1595823540
162,Goose Creek,32.98,-80.03,78.8,88,20,3.36,US,1595823417
163,Hereford,52.06,-2.71,60.01,89,100,3.0,GB,1595823498
164,Zhezkazgan,47.8,67.71,77.0,33,0,17.9,KZ,1595823540
165,Lebu,-37.62,-73.65,47.66,82,62,7.67,CL,1595823249
166,Bojnourd,37.47,57.33,80.6,39,0,2.24,IR,1595823541
167,Burnie,-41.07,145.92,60.01,54,100,3.0,AU,1595823541
168,Tamandaré,-8.76,-35.1,74.23,78,94,10.69,BR,1595823541
169,Rosarito,32.33,-117.03,68.0,88,1,4.7,MX,1595823541
170,Atuona,-9.8,-139.03,80.42,71,5,24.61,PF,1595823307
171,Tullahoma,35.36,-86.21,77.0,78,1,2.57,US,1595823542
172,Izberbash,42.57,47.86,80.6,65,2,6.71,RU,1595823542
173,Clyde River,70.47,-68.59,42.8,93,90,10.29,CA,1595823542
174,Port Blair,11.67,92.75,86.31,68,100,3.33,IN,1595823343
175,Manokwari,-0.87,134.08,83.34,72,100,3.2,ID,1595823542
176,Bilibino,68.05,166.44,79.9,32,94,20.83,RU,1595823543
177,Asău,46.43,26.4,63.0,85,98,4.07,RO,1595823543
178,Del Rio,29.36,-100.9,80.6,69,1,4.7,US,1595823543
179,Nuevitas,21.55,-77.26,78.8,100,20,8.05,CU,1595823543
180,Kruisfontein,-34.0,24.73,49.6,75,85,3.0,ZA,1595823543
181,Aljezur,37.32,-8.8,75.99,71,0,8.01,PT,1595823543
182,Bonthe,7.53,-12.51,75.85,79,100,9.26,SL,1595823511
183,Mauá,-23.67,-46.46,61.0,87,54,3.36,BR,1595823544
184,Rossano,39.58,16.63,68.0,89,0,2.95,IT,1595823544
185,Takoradze,4.88,-1.76,73.65,88,29,7.96,GH,1595823544
186,Buraidah,26.33,43.98,91.4,38,0,3.36,SA,1595823275
187,Angoram,-4.06,144.07,90.32,54,74,5.21,PG,1595823544
188,Muzhi,65.37,64.67,57.74,63,85,4.36,RU,1595823545
189,Jutaí,-5.18,-68.9,71.82,96,17,1.32,BR,1595823545
190,Cockburn Town,21.46,-71.14,82.31,83,32,15.64,TC,1595823248
191,Miguel Alves,-4.17,-42.9,67.91,77,12,1.14,BR,1595823545
192,Assens,55.27,9.9,57.2,93,33,3.36,DK,1595823545
193,Puerto Ayora,-0.74,-90.35,68.0,87,54,4.0,EC,1595823546
194,Mariental,-24.63,17.97,45.03,55,0,6.78,NA,1595823546
195,Grindavik,63.84,-22.43,44.6,87,38,13.87,IS,1595823546
196,Broome,42.25,-75.83,73.4,69,1,4.7,US,1595823546
197,Chapais,49.78,-74.85,66.2,100,1,2.24,CA,1595823460
198,Wanning,18.8,110.4,90.7,62,80,14.12,CN,1595823547
199,Comodoro Rivadavia,-45.87,-67.5,35.6,64,66,9.17,AR,1595823492
200,Seddon,-37.81,144.89,55.99,82,90,19.46,AU,1595823547
201,Nome,64.5,-165.41,57.99,87,90,10.29,US,1595823547
202,Leh,34.17,77.58,65.28,36,17,7.18,IN,1595823548
203,Xinxiang,35.31,113.87,82.0,62,78,5.82,CN,1595823548
204,Moïssala,8.34,17.77,68.05,97,52,1.74,TD,1595823548
205,Tasiilaq,65.61,-37.64,41.0,93,100,5.82,GL,1595823532
206,Kiryat Gat,31.61,34.76,78.01,83,2,0.76,IL,1595823361
207,Martinsville,36.69,-79.87,75.99,100,1,3.91,US,1595823419
208,Belaya Gora,68.53,146.42,70.77,45,67,11.99,RU,1595823549
209,Whitehorse,60.72,-135.05,62.6,36,75,14.99,CA,1595823457
210,Namatanai,-3.67,152.43,83.59,74,100,6.76,PG,1595823549
211,Belmonte,-15.86,-38.88,69.8,83,20,2.24,BR,1595823549
212,Berdigestyakh,62.1,126.7,71.28,61,100,8.16,RU,1595823549
213,Srednekolymsk,67.45,153.68,70.77,48,100,13.24,RU,1595823550
214,Trincomalee,8.57,81.23,83.41,72,98,13.22,LK,1595823550
215,Galesong,-5.32,119.37,87.8,55,20,6.93,ID,1595823550
216,Kirovskiy,45.09,133.51,82.85,52,3,1.01,RU,1595823550
217,Faanui,-16.48,-151.75,79.36,77,100,15.08,PF,1595823367
218,Caçapava,-23.1,-45.71,59.0,93,25,2.24,BR,1595823551
219,Nelson Bay,-32.72,152.15,62.01,87,90,21.92,AU,1595823551
220,Airai,-8.93,125.41,72.61,52,70,5.64,TL,1595823551
221,Port Maria,18.37,-76.89,80.01,82,4,1.99,JM,1595823551
222,Mahon,39.89,4.27,71.6,88,0,4.7,ES,1595823551
223,Dzaoudzi,-12.79,45.27,75.2,78,90,14.99,YT,1595823552
224,Balkanabat,39.51,54.37,99.57,16,0,9.06,TM,1595823552
225,Sfântu Gheorghe,45.87,25.78,55.99,88,1,0.67,RO,1595823552
226,Lavrentiya,65.58,-171.0,65.43,53,65,18.28,RU,1595823552
227,San Cristobal,7.77,-72.22,64.49,84,64,2.59,VE,1595823552
228,Matamoros,25.53,-103.25,75.0,62,90,8.01,MX,1595823535
229,Port Hardy,50.7,-127.42,64.4,82,20,12.75,CA,1595823553
230,Mama,58.31,112.9,63.82,76,100,3.2,RU,1595823553
231,Karlstad,59.38,13.5,59.0,100,28,9.17,SE,1595823553
232,Upernavik,72.79,-56.15,42.78,81,19,6.51,GL,1595823553
233,Samarai,-10.62,150.67,80.08,83,26,9.82,PG,1595823553
234,Kahului,20.89,-156.47,82.4,74,75,5.82,US,1595823259
235,Cotonou,6.37,2.42,75.2,94,20,9.17,BJ,1595823554
236,Douglas,41.3,-96.17,73.4,94,90,9.17,US,1595823554
237,Khuzhir,53.19,107.34,56.08,91,100,5.28,RU,1595823554
238,Vao,-22.67,167.48,71.31,81,17,15.37,NC,1595823285
239,San Patricio,19.22,-104.7,79.38,80,98,1.43,MX,1595823555
240,Dourados,-22.22,-54.81,62.22,78,100,6.06,BR,1595823382
241,Avera,33.19,-82.53,78.8,94,1,4.32,US,1595823555
242,Loukhi,66.08,33.04,56.82,90,63,3.67,RU,1595823555
243,Benghazi,32.12,20.07,76.82,81,0,13.58,LY,1595823555
244,Severo-Kuril'sk,50.68,156.12,53.1,86,96,17.18,RU,1595823405
245,Durban,-29.86,31.03,57.99,93,75,10.29,ZA,1595823545
246,Cabo San Lucas,22.89,-109.91,82.99,78,40,13.87,MX,1595823381
247,Adet,11.26,37.49,56.08,89,100,2.51,ET,1595823556
248,Nikki,9.94,3.21,70.29,96,100,6.53,BJ,1595823556
249,Samarkand,39.65,66.96,86.0,27,0,16.11,UZ,1595823556
250,Arrecife,28.96,-13.55,71.6,78,60,18.34,ES,1595823557
251,Mbumi,-7.91,39.21,69.6,85,99,3.44,TZ,1595823557
252,Santa Luzia,-19.77,-43.85,66.2,72,0,8.05,BR,1595823557
253,Thai Binh,20.45,106.33,87.8,79,75,10.29,VN,1595823486
254,Saint-François,46.42,3.91,57.2,87,0,2.37,FR,1595823515
255,Banda Aceh,5.56,95.32,85.78,63,98,2.21,ID,1595823557
256,Cidreira,-30.18,-50.21,55.51,89,83,7.18,BR,1595823558
257,Portland,45.52,-122.68,89.01,42,1,9.17,US,1595823363
258,Vaitape,-16.52,-151.75,80.17,75,100,15.1,PF,1595823558
259,Grand Gaube,-20.01,57.66,72.0,71,91,8.99,MU,1595823558
260,Puerto Ayacucho,5.66,-67.62,74.53,92,100,1.05,VE,1595823558
261,Dvinskoy Bereznik,62.86,42.71,65.77,68,0,2.37,RU,1595823559
262,Nouadhibou,20.93,-17.03,71.6,83,0,21.92,MR,1595823559
263,Port Macquarie,-31.43,152.92,71.01,52,48,3.0,AU,1595823374
264,Aklavik,68.22,-135.01,71.6,37,75,9.17,CA,1595823545
265,Flin Flon,54.77,-101.86,58.84,82,0,5.79,CA,1595823304
266,Marzuq,14.4,46.47,76.71,62,98,1.14,YE,1595823560
267,Praia da Vitória,38.73,-27.07,73.4,94,90,3.96,PT,1595823560
268,Bokaro Steel City,23.78,85.97,91.81,54,81,5.41,IN,1595823560
269,Belyy Yar,53.6,91.39,68.0,64,91,11.18,RU,1595823560
270,Yurla,59.33,54.32,65.1,68,0,2.01,RU,1595823544
271,Bristol,41.83,-71.17,81.0,74,1,4.7,US,1595823465
272,Namie,37.48,141.0,75.0,93,100,4.74,JP,1595823561
273,Câmara de Lobos,32.63,-16.97,68.0,72,20,11.41,PT,1595823561
274,Manicoré,-5.81,-61.3,75.9,64,24,1.77,BR,1595823561
275,Caucayá,-0.19,-74.78,72.18,92,91,1.12,CO,1595823561
276,Esmeralda,21.85,-78.12,78.8,100,7,8.05,CU,1595823561
277,Verkhnyaya Inta,65.98,60.31,58.55,63,17,8.08,RU,1595823562
278,Mashivka,49.44,34.87,68.81,61,98,9.06,UA,1595823562
279,Gmina Jędrzejów,50.64,20.3,64.99,80,100,1.99,PL,1595823562
280,Tres Arroyos,-38.37,-60.28,48.52,52,97,15.12,AR,1595823562
281,Gatehouse of Fleet,54.88,-4.18,57.0,95,100,5.01,GB,1595823562
282,Dorobanţu,44.22,26.95,70.0,69,14,3.0,RO,1595823562
283,Suntar,62.14,117.63,71.94,49,82,4.99,RU,1595823563
284,Pāvilosta,56.89,21.19,64.4,93,85,2.24,LV,1595823563
285,Evensk,61.95,159.23,55.24,83,95,12.28,RU,1595823563
286,Nanortalik,60.14,-45.24,42.84,87,9,2.82,GL,1595823563
287,Kasongo-Lunda,-6.47,16.82,63.86,46,93,1.07,CD,1595823563
288,Tianmen,30.65,113.16,81.81,74,75,4.88,CN,1595823564
289,Yel'nya,54.58,33.18,62.69,96,100,4.65,RU,1595823564
290,Abhā,18.22,42.51,66.2,88,88,11.61,SA,1595823564
291,Charleston,32.78,-79.93,81.0,88,1,3.49,US,1595823412
292,Faya,18.39,42.45,66.2,88,93,10.8,SA,1595823564
293,Guangyuan,32.44,105.82,91.0,68,38,2.64,CN,1595823564
294,Pisco,-13.7,-76.22,60.8,82,90,9.17,PE,1595823565
295,São Francisco,-15.95,-44.86,65.17,80,0,4.63,BR,1595823565
296,Bicester,51.9,-1.15,57.99,95,100,13.11,GB,1595823565
297,Carnarvon,-24.87,113.63,71.6,40,0,5.82,AU,1595823565
298,Guane,22.2,-84.09,79.57,88,100,5.91,CU,1595823565
299,Husavik,66.04,-17.34,42.8,87,90,4.7,IS,1595823566
300,San Antonio,29.42,-98.49,81.0,83,40,8.05,US,1595823379
301,Vanimo,-2.67,141.3,85.1,67,86,9.04,PG,1595823566
302,Belém,-1.46,-48.5,78.8,88,4,6.93,BR,1595823328
303,Saint Anthony,45.02,-93.22,73.4,56,1,10.29,US,1595823566
304,Yeppoon,-23.13,150.73,71.6,30,0,11.41,AU,1595823566
305,Barvinkove,48.91,37.02,70.79,51,94,11.01,UA,1595823567
306,Morro Bay,35.37,-120.85,61.0,89,10,3.02,US,1595823567
307,Coyhaique,-45.58,-72.07,32.0,94,23,3.36,CL,1595823274
308,Souillac,-20.52,57.52,71.6,73,75,14.99,MU,1595823469
309,Half Moon Bay,37.46,-122.43,64.99,93,90,4.7,US,1595823568
310,Arvin,35.21,-118.83,90.0,31,0,5.01,US,1595823568
311,Gáldar,28.15,-15.65,71.6,73,75,25.28,ES,1595823568
312,Toamasina,-18.17,49.38,66.2,88,75,9.17,MG,1595823568
313,Eskil,38.4,33.41,71.38,50,0,8.43,TR,1595823569
314,Tawao,4.25,117.89,84.2,79,20,8.05,MY,1595823569
315,Mayumba,-3.43,10.66,71.06,86,86,3.4,GA,1595823569
316,Luanshya,-13.14,28.42,45.61,85,5,4.61,ZM,1595823569
317,Oranjemund,-28.55,16.43,54.28,86,0,6.82,NA,1595823569
318,Beloha,-25.17,45.05,55.94,85,0,4.92,MG,1595823569
319,Kārkala,13.2,74.98,80.6,88,40,3.36,IN,1595823570
320,Menongue,-14.66,17.69,45.99,68,36,4.92,AO,1595823570
321,Biarritz,43.48,-1.56,64.4,93,0,3.36,FR,1595823570
322,Sioux Lookout,50.1,-91.92,69.8,56,20,9.17,CA,1595823570
323,Ngunguru,-35.62,174.5,57.99,21,38,4.0,NZ,1595823570
324,Iqaluit,63.75,-68.51,44.6,93,40,2.24,CA,1595823571
325,Korla,41.76,86.15,90.79,20,0,7.65,CN,1595823571
326,Qandala,11.47,49.87,87.58,56,0,2.64,SO,1595823427
327,Iwanai,42.97,140.51,75.63,67,100,1.72,JP,1595823571
328,Camocim,-2.9,-40.84,74.68,76,24,12.08,BR,1595823464
329,Neiafu,-18.65,-173.98,75.2,83,75,11.41,TO,1595823571
330,Bloemfontein,-29.12,26.21,28.4,86,1,5.82,ZA,1595823407
331,Batemans Bay,-35.72,150.18,54.0,100,100,5.01,AU,1595823521
332,Coahuayana Viejo,18.73,-103.68,78.93,81,100,1.72,MX,1595823572
333,Quryq,43.2,51.65,89.11,20,0,17.47,KZ,1595823572
334,Gisborne,-38.65,178.0,55.0,63,11,4.0,NZ,1595823572
335,Honningsvåg,70.98,25.97,62.6,67,1,9.17,NO,1595823573
336,Vardø,70.37,31.11,62.6,72,33,6.93,NO,1595823573
337,Lata,40.16,-8.33,62.01,89,0,2.71,PT,1595823573
338,Inírida,3.87,-67.92,73.26,97,100,2.39,CO,1595823573
339,Saint-Augustin,51.23,-58.65,52.86,94,20,4.47,CA,1595823573
340,Caravelas,-17.71,-39.25,70.79,83,30,5.35,BR,1595823285
341,Alofi,-19.06,-169.92,73.4,88,37,9.17,NU,1595823574
342,Hamilton,39.18,-84.53,81.0,83,1,5.19,US,1595823530
343,Mendoza,-32.89,-68.83,50.0,45,7,6.93,AR,1595823517
344,Torata,-17.08,-70.84,48.24,42,0,1.59,PE,1595823574
345,Malakal,9.53,31.66,70.79,96,75,3.71,SS,1595823575
346,Laredo,27.51,-99.51,73.4,100,90,4.7,US,1595823575
347,Trairi,-3.28,-39.27,76.46,81,99,10.98,BR,1595823575
348,Cayenne,4.93,-52.33,75.2,100,30,2.24,GF,1595823575
349,Waingapu,-9.66,120.26,83.52,57,93,18.39,ID,1595823575
350,Zabaykal'sk,49.63,117.32,84.63,40,21,18.34,RU,1595823576
351,Lucapa,-8.42,20.74,59.58,42,47,4.18,AO,1595823576
352,Tsimmerbude,54.67,20.13,62.6,100,75,4.47,RU,1595823576
353,Ürümqi,43.8,87.6,86.0,33,91,6.71,CN,1595823576
354,Santa Maria,-29.68,-53.81,51.21,85,12,3.42,BR,1595823576
355,Vostok,46.49,135.88,80.31,48,30,4.23,RU,1595823487
356,Altamira,-3.2,-52.21,77.29,59,58,2.44,BR,1595823577
357,Kawambwa,-9.79,29.08,49.91,90,58,5.03,ZM,1595823577
358,Tuatapere,-46.13,167.68,53.13,65,0,3.49,NZ,1595823577
359,Zainsk,55.32,52.07,64.4,72,6,6.71,RU,1595823577
360,Sakaiminato,35.55,133.23,84.2,70,75,10.29,JP,1595823578
361,Alaca,40.17,34.84,70.07,51,0,2.93,TR,1595823578
362,Codrington,-38.27,141.97,53.47,72,54,19.37,AU,1595823578
363,Soyo,-6.13,12.37,70.7,88,14,5.7,AO,1595823280
364,Constitución,-35.33,-72.42,49.87,80,100,7.61,CL,1595823578
365,‘Āhuimanu,21.44,-157.84,80.6,74,90,11.41,US,1595823578
366,Naze,28.37,129.48,89.6,75,75,14.99,JP,1595823579
367,Alyangula,-13.85,136.42,80.6,39,89,12.75,AU,1595823579
368,Iracoubo,5.48,-53.2,78.12,87,38,7.85,GF,1595823579
369,Arman',59.7,150.17,63.57,63,0,9.35,RU,1595823579
370,Shache,38.42,77.24,91.29,16,97,5.17,CN,1595823579
371,Huarmey,-10.07,-78.15,59.81,86,11,7.45,PE,1595823580
372,Calabozo,8.92,-67.43,73.94,96,97,2.39,VE,1595823580
373,Pitimbu,-7.47,-34.81,74.91,79,96,15.61,BR,1595823534
374,Aksha,50.28,113.29,79.7,46,98,12.41,RU,1595823580
375,Lethem,3.38,-59.8,75.13,85,21,3.38,GY,1595823580
376,Sivaki,52.63,126.75,76.01,76,100,7.58,RU,1595823581
377,Corrales,35.24,-106.61,69.01,88,75,12.75,US,1595823581
378,Lamar,33.67,-95.58,80.01,78,1,5.82,US,1595823581
379,Kano,12.0,8.52,77.0,88,20,10.29,NG,1595823581
380,Russell,32.35,-85.2,77.0,94,1,0.29,US,1595823582
381,Changli,39.7,119.15,82.0,21,70,2.24,CN,1595823582
382,Egvekinot,66.32,-179.17,67.01,63,42,7.4,RU,1595823582
383,Razdolinsk,58.42,94.67,67.12,63,99,3.15,RU,1595823582
384,Mosal'sk,54.49,34.98,61.66,94,92,4.63,RU,1595823583
385,Mildura,-34.2,142.15,60.8,59,75,14.99,AU,1595823583
386,Wichita Falls,33.91,-98.49,82.99,65,1,5.82,US,1595823459
387,Zyryanskoye,56.83,86.63,65.97,61,29,4.41,RU,1595823583
388,Te Anau,-45.42,167.72,48.72,74,2,0.87,NZ,1595823583
389,Santa Cruz de la Sierra,-17.8,-63.17,59.0,87,2,5.82,BO,1595823392
390,High Level,58.52,-117.14,71.6,64,20,4.7,CA,1595823584
391,Guangzhou,23.12,113.25,95.0,47,40,6.71,CN,1595823446
392,Paramonga,-10.67,-77.83,59.58,86,37,6.44,PE,1595823584
393,Ibrā’,22.69,58.53,84.29,62,99,5.21,OM,1595823584
394,The Valley,18.22,-63.06,82.4,74,20,10.29,AI,1595823460
395,Muros,42.78,-9.06,57.99,82,0,2.37,ES,1595823585
396,Alexandria,31.22,29.96,77.0,83,0,9.17,EG,1595823585
397,Panama City,8.99,-79.52,78.8,94,90,4.7,PA,1595823345
398,College,64.86,-147.8,68.0,49,75,9.17,US,1595823291
399,San Felipe,10.34,-68.74,72.45,91,98,0.83,VE,1595823585
400,Hatillo,18.49,-66.83,80.01,85,75,1.99,PR,1595823585
401,Binga,-17.62,27.34,51.75,60,0,3.98,ZW,1595823586
402,Progreso,21.28,-89.67,79.0,88,40,11.41,MX,1595823586
403,Morant Bay,17.88,-76.41,86.0,70,20,11.41,JM,1595823586
404,Mitchell,43.71,-98.03,69.8,68,1,3.36,US,1595823586
405,Mindelo,16.89,-24.98,75.2,78,20,4.7,CV,1595823586
406,Saint George,37.1,-113.58,93.99,13,1,6.93,US,1595823562
407,Rabo de Peixe,37.8,-25.58,69.8,94,75,4.7,PT,1595823587
408,Benīganj,27.28,80.45,93.9,47,34,9.71,IN,1595823587
409,Rehoboth,-23.32,17.08,38.68,73,0,0.81,NA,1595823587
410,Hambantota,6.12,81.12,84.2,74,75,9.17,LK,1595823587
411,Clearlake,38.96,-122.63,81.0,32,1,1.99,US,1595823587
412,Borger,52.92,6.79,55.99,84,96,1.99,NL,1595823588
413,Khammam,17.25,80.15,86.88,67,74,9.89,IN,1595823588
414,Raudeberg,61.99,5.14,59.0,82,75,16.11,NO,1595823588
415,Hasaki,35.73,140.83,86.0,70,75,13.87,JP,1595823480
416,Conde,-7.26,-34.91,71.46,87,93,12.55,BR,1595823588
417,Sorong,-0.88,131.25,81.88,84,83,10.76,ID,1595823585
418,Bridlington,54.08,-0.19,57.99,93,98,6.93,GB,1595823589
419,Havøysund,71.0,24.66,62.6,67,27,9.17,NO,1595823589
420,Batagay-Alyta,67.8,130.41,63.75,34,75,13.27,RU,1595823374
421,Babanka,48.71,30.45,66.07,82,91,8.23,UA,1595823589
422,Māngrol,21.12,70.12,84.99,75,11,11.5,IN,1595823589
423,Damietta,31.42,31.81,78.8,78,40,6.93,EG,1595823548
424,Boguchany,58.38,97.45,59.58,86,100,4.21,RU,1595823590
425,Inhambane,-23.86,35.38,62.47,75,19,9.04,MZ,1595823590
426,Tezu,27.92,96.17,92.12,50,16,3.02,IN,1595823590
427,Bonavista,48.65,-53.11,57.9,96,100,15.37,CA,1595823590
428,Sungai Penuh,-2.08,101.38,80.65,44,46,2.53,ID,1595823591
429,Ust-Kuyga,70.02,135.6,48.43,77,100,9.4,RU,1595823591
430,Mayo,38.89,-76.51,82.4,69,1,5.35,US,1595823591
431,Puttūr,12.77,75.22,80.6,88,40,3.36,IN,1595823591
432,Ambunti,-4.24,142.84,90.61,54,57,4.34,PG,1595823591
433,Novo Aripuanã,-5.12,-60.38,74.91,64,1,0.34,BR,1595823592
434,Dunedin,-45.87,170.5,52.0,70,0,4.0,NZ,1595823529
435,Yarkovo,57.4,67.08,64.53,65,67,4.21,RU,1595823592
436,Jiayuguan City,39.82,98.3,82.27,16,0,5.14,CN,1595823592
437,Taksimo,56.34,114.88,70.84,77,100,4.59,RU,1595823593
438,Tabas,33.6,56.92,96.8,16,0,2.24,IR,1595823593
439,Talnakh,69.49,88.4,59.0,47,40,8.95,RU,1595823593
440,Kapit,2.02,112.93,87.3,71,29,0.51,MY,1595823593
441,Turtas,58.94,69.13,67.24,61,1,4.52,RU,1595823594
442,Don Luan,11.53,106.92,87.24,67,31,3.29,VN,1595823543
443,Orocué,4.79,-71.34,73.22,89,89,0.98,CO,1595823594
444,Nālūt,30.33,10.85,74.57,38,0,9.6,LY,1595823594
445,Cabatuan,10.88,122.49,88.52,63,48,2.13,PH,1595823595
446,Barra,-11.09,-43.14,69.28,74,1,9.01,BR,1595823595
447,Iskateley,67.68,53.15,62.98,56,14,8.14,RU,1595823595
448,Rock Sound,24.9,-76.2,81.97,84,0,13.22,BS,1595823595
449,Tairua,-37.02,175.85,55.99,63,23,1.01,NZ,1595823596
450,Ambon City,-3.7,128.18,86.0,70,40,5.82,ID,1595823596
451,Lerwick,60.15,-1.15,51.8,87,1,9.17,GB,1595823596
452,Bud,39.45,-86.18,80.01,89,0,6.51,US,1595823597
453,Arlit,18.74,7.39,89.49,12,72,10.42,NE,1595823597
454,Kushima,31.46,131.23,80.6,83,75,8.05,JP,1595823597
455,Gračac,44.3,15.85,66.0,93,2,2.24,HR,1595823598
456,Palmer,42.16,-72.33,75.2,69,1,3.36,US,1595823598
457,Kumul,42.8,93.45,93.25,13,0,14.74,CN,1595823598
458,Karachi,24.91,67.08,87.8,74,40,13.29,PK,1595823308
459,Pathein,16.78,94.73,89.37,60,100,4.74,MM,1595823598
460,Launceston,-41.45,147.17,55.0,66,100,19.46,AU,1595823599
461,Tautira,-17.73,-149.15,78.8,78,75,17.22,PF,1595823599
462,Geraldton,-28.77,114.6,75.2,22,0,16.11,AU,1595823599
463,Lagoa,39.05,-27.98,72.28,93,0,6.91,PT,1595823600
464,Opuwo,-18.06,13.84,51.37,46,0,7.38,NA,1595823600
465,Halifax,44.65,-63.57,66.0,84,92,6.73,CA,1595823541
466,North Bend,43.41,-124.22,64.0,93,1,5.82,US,1595823365
467,Vorozhba,51.17,34.22,63.25,78,68,7.45,UA,1595823601
468,Arrondissement d'Ajaccio,42.0,8.92,66.2,77,0,8.05,FR,1595823601
469,Corrientes,-27.48,-58.83,60.01,62,55,10.29,AR,1595823411
470,Bacolod City,10.67,122.95,85.23,72,57,2.62,PH,1595823601
471,Manaure,11.78,-72.44,81.9,74,98,11.79,CO,1595823601
472,Adré,13.47,22.2,72.07,85,92,15.99,TD,1595823602
473,Bulatukan,6.9,125.16,86.0,70,75,6.93,PH,1595823602
474,Glace Bay,46.2,-59.96,63.0,100,90,5.82,CA,1595823602
475,Pangody,65.85,74.49,55.58,57,100,14.36,RU,1595823602
476,Manggar,-2.88,108.27,83.71,69,81,13.94,ID,1595823603
477,Banganapalle,15.32,78.23,83.62,61,84,13.35,IN,1595823603
478,Dingle,11.0,122.67,88.79,64,47,2.73,PH,1595823603
479,Kikwit,-5.04,18.82,72.46,41,95,1.12,CD,1595823603
480,Olavarría,-36.89,-60.32,42.78,69,79,7.81,AR,1595823604
481,Salto,-31.38,-57.97,45.0,88,5,3.71,UY,1595823604
482,La Ronge,55.1,-105.28,66.2,63,40,8.05,CA,1595823449
483,São Filipe,14.9,-24.5,75.0,85,71,11.99,CV,1595823604
484,Deniliquin,-35.53,144.97,57.99,63,100,11.99,AU,1595823541
485,Būkān,36.52,46.21,86.41,13,0,4.27,IR,1595823605
486,Makakilo City,21.35,-158.09,82.4,65,90,14.99,US,1595823605
487,Adeje,28.12,-16.73,73.0,77,2,17.22,ES,1595823605
488,Henties Bay,-22.12,14.28,66.16,40,0,6.22,NA,1595823605
489,Terney,45.05,136.61,71.2,66,19,4.72,RU,1595823606
490,Altay,47.87,88.12,80.47,28,18,6.22,CN,1595823606
491,Sittwe,20.15,92.9,86.31,74,100,7.96,MM,1595823606
492,Oistins,13.07,-59.53,82.17,80,53,16.33,BB,1595823606
493,Fairbanks,64.84,-147.72,68.0,48,75,10.29,US,1595823556
494,La Orilla,17.98,-102.23,78.57,81,38,2.95,MX,1595823607
495,Wanaka,-44.7,169.15,44.89,65,0,0.56,NZ,1595823607
496,Bucerías,20.75,-105.33,82.4,83,75,0.29,MX,1595823608
497,Berlevåg,70.86,29.09,68.0,56,1,3.36,NO,1595823608
498,Luanda,-8.84,13.23,71.6,88,75,4.7,AO,1595823608
499,Batagay,67.63,134.63,68.56,39,42,10.49,RU,1595823608
500,Yashkul',46.17,45.34,80.31,25,56,10.83,RU,1595823608
501,Champerico,14.3,-91.92,80.46,80,100,7.2,GT,1595823609
502,Lüderitz,-26.65,15.16,57.2,71,0,12.75,NA,1595823609
503,Hualmay,-11.1,-77.61,59.09,85,23,7.0,PE,1595823609
504,São Geraldo do Araguaia,-6.4,-48.55,71.28,46,1,2.57,BR,1595823609
505,Ben Gardane,33.14,11.22,74.28,63,0,2.64,TN,1595823609
506,Linxia Chengguanzhen,35.6,103.21,79.02,34,83,4.34,CN,1595823610
507,Lubango,-14.92,13.49,51.53,52,0,3.87,AO,1595823276
508,Butte,39.65,-121.57,93.2,30,1,6.93,US,1595823276
509,Znamenskoye,57.13,73.83,67.1,60,56,4.38,RU,1595823543
510,Kokkola,63.84,23.13,59.0,87,35,4.7,FI,1595823610
511,Sawtell,-30.38,153.1,73.0,43,32,18.34,AU,1595823611
512,Hede,33.77,120.25,70.83,94,100,7.18,CN,1595823611
513,Salaberry-de-Valleyfield,45.25,-74.13,75.99,87,100,13.96,CA,1595823611
514,Khatassy,61.9,129.64,78.8,41,100,4.47,RU,1595823611
515,Olafsvik,64.89,-23.71,47.07,73,21,8.55,IS,1595823612
516,Gouré,13.98,10.27,71.01,87,100,4.0,NE,1595823612
517,Banjar,-8.19,114.97,82.4,78,40,19.46,ID,1595823612
518,Kouqian,43.64,126.46,85.17,55,9,3.0,CN,1595823613
519,Gorontalo,0.54,123.06,86.18,60,91,9.31,ID,1595823613
520,Sol'vychegodsk,61.33,46.92,65.03,77,79,2.37,RU,1595823613
521,Arroyos y Esteros,-25.07,-57.1,59.0,67,84,4.07,PY,1595823614
522,Blackwater,-23.58,148.88,69.48,31,31,10.2,AU,1595823614
523,Kaniama,-7.57,24.18,58.48,45,26,5.91,CD,1595823614
524,Panna,24.72,80.2,89.6,70,40,3.36,IN,1595823614
525,Emba,48.83,58.14,72.75,41,0,10.49,KZ,1595823614
526,Matara,5.95,80.54,82.27,75,100,13.51,LK,1595823615
527,Kundiawa,-6.02,144.97,73.58,70,51,1.41,PG,1595823615
528,Harper,4.38,-7.72,74.1,84,96,8.72,LR,1595823615
529,Christchurch,-43.53,172.63,51.01,81,0,14.99,NZ,1595823607
530,Shahrud,36.42,54.98,83.59,31,0,1.12,IR,1595823616
531,Billings Metropolitan Area,45.78,-108.5,77.0,36,1,5.82,US,1595823017
532,Los Llanos de Aridane,28.66,-17.92,71.6,73,90,12.75,ES,1595823376
533,Cervo,43.67,-7.41,62.01,89,0,5.01,ES,1595823616
534,Ust-Tsilma,65.44,52.15,70.03,53,48,3.98,RU,1595823616
535,Yanam,16.73,82.22,87.8,70,20,10.29,IN,1595823617
536,Albanel,48.88,-72.45,69.8,100,75,6.93,CA,1595823617
537,Buarcos,40.17,-8.88,62.01,100,0,2.24,PT,1595823617
538,Forsytheganj,52.63,29.73,62.69,95,90,4.61,BY,1595823617
539,Abatskiy,56.29,70.46,64.87,64,36,4.74,RU,1595823618
540,Behshahr,36.69,53.55,82.4,78,75,6.93,IR,1595823618
541,Thunder Bay,48.4,-89.32,71.6,56,5,10.29,CA,1595823618
542,Beringovskiy,63.05,179.32,71.91,53,91,8.48,RU,1595823618
543,Camaná,-16.62,-72.71,58.21,77,11,6.78,PE,1595823619
544,Wamba,8.93,8.6,71.28,97,100,0.94,NG,1595823619
545,Bubaque,11.28,-15.83,79.07,85,97,17.4,GW,1595823619
546,Anchorage,61.22,-149.9,64.99,55,1,8.05,US,1595823283
547,Samfya,-11.36,29.56,50.09,80,50,7.16,ZM,1595823619
548,Gallup,35.53,-108.74,62.6,82,1,7.94,US,1595823549
549,Ilulissat,69.22,-51.1,44.6,93,100,6.93,GL,1595823620
550,Khani,41.96,42.96,75.2,94,75,4.7,GE,1595823620
551,Bitaogan,6.77,126.08,86.0,70,75,6.93,PH,1595823620
552,Lagdo,9.05,13.73,70.93,98,100,3.51,CM,1595823621
553,Selikhino,50.37,137.5,71.29,75,87,5.48,RU,1595823621
554,Mocuba,-16.84,36.99,59.58,94,32,3.42,MZ,1595823621
555,Bengkulu,-3.8,102.27,84.72,61,2,7.85,ID,1595823621
556,Accra,5.56,-0.2,75.2,88,20,10.29,GH,1595823333
557,Hagi,34.4,131.42,78.8,94,75,4.7,JP,1595823621
558,Corrente,-3.74,-43.34,68.99,82,10,2.8,BR,1595823622
559,Biograd na Moru,43.94,15.45,66.0,93,9,2.24,HR,1595823622
560,Brigantine,39.41,-74.36,82.4,69,1,5.82,US,1595823622
